16490,13253,300,335,1.35658,0
16491,13254,300,335,1.35658,0
16492,13255,404,496,24.2855,1
16493,13256,404,496,24.2855,1
16494,13257,339,480,26.5801,1
16496,13258,339,480,26.5801,1
16498,13259,339,480,26.5801,1
16500,13260,339,480,26.5801,1
16504,13263,111,426,6.2118,0
16505,13263,425,418,2.90729,0
16506,13264,111,426,6.2118,0
16507,13264,425,418,2.90729,0
16508,13265,111,426,6.2118,0
16509,13265,425,418,2.90729,0
16510,13266,111,426,6.2118,0
16511,13266,425,418,2.90729,0
16512,13267,374,447,12.0755,1
16514,13268,374,447,12.0755,1
16516,13269,374,447,12.0755,1
16518,13270,374,447,12.0755,1
16522,13273,333,356,2.23667,0
16523,13274,333,356,2.23667,0
16524,13275,268,447,21.1548,1
16526,13276,268,447,21.1548,1
16528,13277,268,447,21.1548,1
16530,13278,268,447,21.1548,1
16534,13281,258,523,27.4365,1
16536,13282,258,523,27.4365,1
16538,13283,258,523,27.4365,1
16540,13284,258,523,27.4365,1
16542,13285,469,378,24.5608,1
16543,13286,469,378,24.5608,1
16544,13287,450,294,9.21962,1
16546,13288,450,294,9.21962,1
16548,13289,450,294,9.21962,1
16550,13290,450,294,9.21962,1
16564,13299,522,476,20.8024,1
16565,13300,522,476,20.8024,1
16568,13303,218,337,2.06969,0
16569,13304,218,337,2.06969,0
16570,13305,317,340,1.80276,0
16571,13306,317,340,1.80276,0
16574,13309,279,448,15.6503,0
16575,13310,279,448,15.6503,0
16578,13313,437,527,19.9067,0
16579,13314,437,527,19.9067,0
16602,13329,273,422,85.3333,1
16604,13330,273,422,85.3333,1
16606,13331,273,422,85.3333,1
16608,13332,273,422,85.3333,1
16612,13335,331,407,13.6333,1
16614,13336,331,407,13.6333,1
16616,13337,331,407,13.6333,1
16618,13338,331,407,13.6333,1
16620,13339,299,513,22.7076,0
16622,13340,299,513,22.7076,0
16624,13341,299,513,22.7076,0
16626,13342,299,513,22.7076,0
16692,13367,371,365,3.1707,0
16693,13368,371,365,3.1707,0
16696,13371,439,411,12.2944,1
16697,13371,232,412,14.078,1
16698,13372,439,411,12.2944,1
16699,13372,232,412,14.078,1
16700,13373,439,411,12.2944,1
16701,13373,232,412,14.078,1
16702,13374,439,411,12.2944,1
16703,13374,232,412,14.078,1
16704,13375,260,322,24.2252,0
16705,13376,260,322,24.2252,0
16706,13377,338,424,67.7249,1
16707,13378,338,424,67.7249,1
16708,13379,247,380,10.9073,1
16710,13380,247,380,10.9073,1
16712,13381,247,380,10.9073,1
16714,13382,247,380,10.9073,1
16718,13385,263,342,22.9057,0
16719,13385,269,96,31.4448,0
16720,13385,288,585,98.2019,0
16721,13385,479,584,80.6617,0
16722,13385,526,339,16.2656,0
16724,13386,263,342,22.9057,0
16725,13386,269,96,31.4448,0
16726,13386,288,585,98.2019,0
16727,13386,479,584,80.6617,0
16728,13386,526,339,16.2656,0
16730,13387,263,342,22.9057,0
16731,13387,269,96,31.4448,0
16732,13387,288,585,98.2019,0
16733,13387,479,584,80.6617,0
16734,13387,526,339,16.2656,0
16736,13388,263,342,22.9057,0
16737,13388,269,96,31.4448,0
16738,13388,288,585,98.2019,0
16739,13388,479,584,80.6617,0
16740,13388,526,339,16.2656,0
16742,13389,263,342,22.9057,0
16743,13389,269,96,31.4448,0
16744,13389,288,585,98.2019,0
16745,13389,479,584,80.6617,0
16746,13389,526,339,16.2656,0
16748,13390,263,342,22.9057,0
16749,13390,269,96,31.4448,0
16750,13390,288,585,98.2019,0
16751,13390,479,584,80.6617,0
16752,13390,526,339,16.2656,0
16754,13391,263,342,22.9057,0
16755,13391,269,96,31.4448,0
16756,13391,288,585,98.2019,0
16757,13391,479,584,80.6617,0
16758,13391,526,339,16.2656,0
16760,13392,263,342,22.9057,0
16761,13392,269,96,31.4448,0
16762,13392,288,585,98.2019,0
16763,13392,479,584,80.6617,0
16764,13392,526,339,16.2656,0
16766,13393,263,342,22.9057,0
16767,13393,269,96,31.4448,0
16768,13393,288,585,98.2019,0
16769,13393,479,584,80.6617,0
16770,13393,526,339,16.2656,0
16772,13394,263,342,22.9057,0
16773,13394,269,96,31.4448,0
16774,13394,288,585,98.2019,0
16775,13394,479,584,80.6617,0
16776,13394,526,339,16.2656,0
16778,13395,263,342,22.9057,0
16779,13395,269,96,31.4448,0
16780,13395,288,585,98.2019,0
16781,13395,479,584,80.6617,0
16782,13395,526,339,16.2656,0
16784,13396,263,342,22.9057,0
16785,13396,269,96,31.4448,0
16786,13396,288,585,98.2019,0
16787,13396,479,584,80.6617,0
16788,13396,526,339,16.2656,0
16790,13397,337,281,4.1033,0
16791,13398,337,281,4.1033,0
16792,13399,337,469,59.4916,1
16794,13400,337,469,59.4916,1
16796,13401,337,469,59.4916,1
16798,13402,337,469,59.4916,1
16800,13403,338,428,5.98209,0
16802,13404,338,428,5.98209,0
16804,13405,338,428,5.98209,0
16806,13406,338,428,5.98209,0
16812,13411,315,333,29.3263,1
16814,13412,315,333,29.3263,1
16816,13413,315,333,29.3263,1
16818,13414,315,333,29.3263,1
16822,13417,261,417,57.7145,0
16827,13418,261,417,57.7145,0
16832,13419,261,417,57.7145,0
16837,13420,261,417,57.7145,0
16842,13421,261,417,57.7145,0
16847,13422,261,417,57.7145,0
16852,13423,261,417,57.7145,0
16857,13424,261,417,57.7145,0
16862,13425,261,417,57.7145,0
16867,13426,261,417,57.7145,0
16872,13427,42,327,10.2316,0
16873,13427,271,246,11.4618,1
16874,13427,399,284,8.26859,1
16875,13427,150,273,17.4298,1
16876,13427,491,288,9.18801,0
16877,13428,42,327,10.2316,0
16878,13428,271,246,11.4618,1
16879,13428,399,284,8.26859,1
16880,13428,150,273,17.4298,1
16881,13428,491,288,9.18801,0
16882,13429,42,327,10.2316,0
16883,13429,271,246,11.4618,1
16884,13430,42,327,10.2316,0
16885,13429,399,284,8.26859,1
16886,13430,271,246,11.4618,1
16887,13429,150,273,17.4298,1
16888,13430,399,284,8.26859,1
16889,13429,491,288,9.18801,0
16890,13430,150,273,17.4298,1
16891,13430,491,288,9.18801,0
16892,13431,42,327,10.2316,0
16893,13431,271,246,11.4618,1
16894,13431,399,284,8.26859,1
16895,13431,150,273,17.4298,1
16896,13431,491,288,9.18801,0
16897,13432,42,327,10.2316,0
16898,13432,271,246,11.4618,1
16899,13432,399,284,8.26859,1
16900,13432,150,273,17.4298,1
16901,13432,491,288,9.18801,0
16902,13433,42,327,10.2316,0
16903,13433,271,246,11.4618,1
16904,13433,399,284,8.26859,1
16905,13433,150,273,17.4298,1
16906,13433,491,288,9.18801,0
16907,13434,42,327,10.2316,0
16908,13434,271,246,11.4618,1
16909,13434,399,284,8.26859,1
16910,13434,150,273,17.4298,1
16911,13434,491,288,9.18801,0
16912,13435,42,327,10.2316,0
16913,13435,271,246,11.4618,1
16914,13435,399,284,8.26859,1
16915,13435,150,273,17.4298,1
16916,13435,491,288,9.18801,0
16917,13436,42,327,10.2316,0
16918,13436,271,246,11.4618,1
16919,13436,399,284,8.26859,1
16920,13436,150,273,17.4298,1
16921,13436,491,288,9.18801,0
16932,13443,348,478,26.2682,1
16933,13444,348,478,26.2682,1
16934,13445,454,312,2.10662,0
16935,13446,454,312,2.10662,0
16936,13447,282,147,10.1039,0
16937,13447,550,133,11.6592,1
16938,13448,282,147,10.1039,0
16939,13448,550,133,11.6592,1
16940,13449,282,147,10.1039,0
16941,13449,550,133,11.6592,1
16942,13450,282,147,10.1039,0
16943,13450,550,133,11.6592,1
16945,13451,269,402,4.95009,0
16948,13452,269,402,4.95009,0
16951,13453,269,402,4.95009,0
16954,13454,269,402,4.95009,0
16957,13455,269,402,4.95009,0
16960,13456,269,402,4.95009,0
16964,13459,312,538,20.8321,0
16965,13460,312,538,20.8321,0
16972,13467,399,500,20.1406,0
16973,13468,399,500,20.1406,0
16974,13469,325,388,17.4536,0
16976,13470,325,388,17.4536,0
16978,13471,325,388,17.4536,0
16980,13472,325,388,17.4536,0
16982,13473,188,371,7.56068,1
16983,13474,188,371,7.56068,1
16984,13475,98,311,8.93679,0
16988,13476,98,311,8.93679,0
16992,13477,98,311,8.93679,0
16996,13478,98,311,8.93679,0
17000,13479,98,311,8.93679,0
17004,13480,98,311,8.93679,0
17008,13481,98,311,8.93679,0
17012,13482,98,311,8.93679,0
17020,13487,328,494,15.8945,0
17022,13488,328,494,15.8945,0
17024,13489,328,494,15.8945,0
17026,13490,328,494,15.8945,0
17028,13491,480,448,26.787,1
17030,13492,480,448,26.787,1
17032,13493,480,448,26.787,1
17034,13494,480,448,26.787,1
17036,13495,505,367,6.86385,0
17037,13495,92,334,7.22335,0
17038,13496,505,367,6.86385,0
17039,13496,92,334,7.22335,0
17040,13497,505,367,6.86385,0
17041,13497,92,334,7.22335,0
17042,13498,505,367,6.86385,0
17043,13498,92,334,7.22335,0
17044,13499,321,508,27.7263,1
17046,13500,321,508,27.7263,1
17048,13501,321,508,27.7263,1
17050,13502,321,508,27.7263,1
17052,13503,347,491,22.0405,1
17054,13504,347,491,22.0405,1
17056,13505,347,491,22.0405,1
17058,13506,347,491,22.0405,1
17062,13509,317,450,8.79517,0
17064,13510,317,450,8.79517,0
17066,13511,317,450,8.79517,0
17068,13512,317,450,8.79517,0
17070,13513,64,475,24.07,0
17071,13514,64,475,24.07,0
17072,13515,258,313,2.27125,0
17073,13516,258,313,2.27125,0
17076,13519,458,335,2.63661,0
17077,13519,175,390,3.59734,0
17078,13520,458,335,2.63661,0
17079,13520,175,390,3.59734,0
17080,13521,458,335,2.63661,0
17081,13521,175,390,3.59734,0
17082,13522,458,335,2.63661,0
17083,13522,175,390,3.59734,0
17084,13523,350,461,33.9298,1
17085,13524,350,461,33.9298,1
17086,13525,177,441,3.83173,0
17088,13526,177,441,3.83173,0
17090,13527,177,441,3.83173,0
17092,13528,177,441,3.83173,0
17096,13531,536,440,5.63659,0
17098,13532,536,440,5.63659,0
17100,13533,536,440,5.63659,0
17102,13534,536,440,5.63659,0
17104,13535,359,417,16.6214,1
17105,13536,359,417,16.6214,1
17110,13541,296,375,7.76846,1
17111,13542,296,375,7.76846,1
17112,13543,308,443,11.198,1
17113,13544,308,443,11.198,1
17114,13545,292,484,23.6982,1
17115,13546,292,484,23.6982,1
17116,13547,418,449,8.92744,1
17117,13548,418,449,8.92744,1
17118,13549,382,411,11.3065,1
17119,13550,382,411,11.3065,1
17120,13551,370,429,8.41759,0
17121,13552,370,429,8.41759,0
17122,13553,314,469,32.0802,0
17123,13554,314,469,32.0802,0
17124,13555,324,404,10.428,1
17125,13556,324,404,10.428,1
17174,13577,252,436,6.87375,0
17175,13577,418,450,7.1344,0
17176,13578,252,436,6.87375,0
17177,13578,418,450,7.1344,0
17178,13579,252,436,6.87375,0
17179,13579,418,450,7.1344,0
17180,13580,252,436,6.87375,0
17181,13580,418,450,7.1344,0
17214,13589,339,523,92.6487,1
17215,13590,339,523,92.6487,1
17224,13595,318,533,22.3556,1
17225,13596,318,533,22.3556,1
17226,13597,175,352,97.3615,1
17228,13598,175,352,97.3615,1
17230,13599,175,352,97.3615,1
17232,13600,175,352,97.3615,1
17286,13613,301,436,61.3449,1
17288,13614,301,436,61.3449,1
17290,13615,301,436,61.3449,1
17292,13616,301,436,61.3449,1
17294,13617,382,510,14.5032,1
17297,13618,382,510,14.5032,1
17300,13619,382,510,14.5032,1
17303,13620,382,510,14.5032,1
17306,13621,382,510,14.5032,1
17309,13622,382,510,14.5032,1
17312,13623,568,418,30.2422,0
17314,13624,568,418,30.2422,0
17316,13625,568,418,30.2422,0
17318,13626,568,418,30.2422,0
17322,13629,466,486,16.5595,0
17323,13630,466,486,16.5595,0
17324,13631,344,483,20.9557,0
17325,13632,344,483,20.9557,0
17334,13637,317,516,32.8785,1
17335,13638,317,516,32.8785,1
17344,13643,304,446,85.5651,1
17346,13644,304,446,85.5651,1
17348,13645,304,446,85.5651,1
17350,13646,304,446,85.5651,1
17352,13647,272,424,4.85751,1
17353,13648,272,424,4.85751,1
17354,13649,137,505,78.1978,1
17356,13650,137,505,78.1978,1
17358,13651,137,505,78.1978,1
17362,13653,137,505,78.1978,1
17371,13657,320,530,47.0156,1
17373,13658,320,530,47.0156,1
17375,13659,320,530,47.0156,1
17377,13660,320,530,47.0156,1
17378,13661,350,467,6.66656,0
17380,13663,350,467,6.66656,0
17382,13665,46,472,93.73,0
17384,13667,46,472,93.73,0
17388,13671,317,428,13.8994,1
17389,13672,317,428,13.8994,1
17390,13673,230,340,13.2974,1
17391,13674,230,340,13.2974,1
17392,13675,385,425,6.78325,0
17393,13676,385,425,6.78325,0
17394,13677,318,461,18.325,1
17395,13678,318,461,18.325,1
17396,13679,415,455,12.2922,1
17397,13680,415,455,12.2922,1
17398,13681,467,469,18.3826,0
17399,13682,467,469,18.3826,0
17400,13683,363,432,12.9875,1
17402,13684,363,432,12.9875,1
17404,13685,363,432,12.9875,1
17407,13687,363,432,12.9875,1
17410,13689,60,238,8.49863,0
17411,13689,245,478,10.4647,0
17412,13690,60,238,8.49863,0
17413,13690,245,478,10.4647,0
17414,13691,60,238,8.49863,0
17415,13691,245,478,10.4647,0
17416,13692,60,238,8.49863,0
17417,13692,245,478,10.4647,0
17418,13693,328,471,39.5787,1
17420,13694,328,471,39.5787,1
17422,13695,328,471,39.5787,1
17424,13696,328,471,39.5787,1
17426,13697,328,450,12.331,0
17428,13698,328,450,12.331,0
17430,13699,328,450,12.331,0
17432,13700,328,450,12.331,0
17434,13701,228,388,24.0376,1
17435,13702,325,406,6.55297,1
17436,13703,228,388,24.0376,1
17437,13704,325,406,6.55297,1
17438,13705,107,354,4.84667,0
17439,13705,277,286,7.60821,0
17440,13705,445,248,4.28773,0
17441,13706,107,354,4.84667,0
17442,13706,277,286,7.60821,0
17443,13706,445,248,4.28773,0
17444,13707,107,354,4.84667,0
17445,13707,277,286,7.60821,0
17446,13707,445,248,4.28773,0
17447,13708,107,354,4.84667,0
17448,13708,277,286,7.60821,0
17449,13708,445,248,4.28773,0
17450,13709,107,354,4.84667,0
17451,13709,277,286,7.60821,0
17452,13710,107,354,4.84667,0
17453,13709,445,248,4.28773,0
17454,13710,277,286,7.60821,0
17455,13710,445,248,4.28773,0
17476,13719,314,480,13.3268,0
17478,13720,314,480,13.3268,0
17480,13721,314,480,13.3268,0
17482,13722,314,480,13.3268,0
17486,13725,339,467,8.82664,1
17487,13726,339,467,8.82664,1
17490,13729,219,424,5.00587,1
17491,13730,219,424,5.00587,1
17492,13731,358,534,30.797,0
17493,13732,358,534,30.797,0
17495,13733,479,388,17.8607,1
17497,13734,479,388,17.8607,1
17499,13735,479,388,17.8607,1
17501,13736,479,388,17.8607,1
17506,13741,518,459,10.1206,0
17510,13741,453,371,69.459,0
17512,13742,518,459,10.1206,0
17516,13742,453,371,69.459,0
17518,13743,518,459,10.1206,0
17522,13743,453,371,69.459,0
17523,13744,518,459,10.1206,0
17528,13744,453,371,69.459,0
17530,13745,518,459,10.1206,0
17532,13746,518,459,10.1206,0
17538,13745,453,371,69.459,0
17539,13746,453,371,69.459,0
17542,13747,518,459,10.1206,0
17546,13747,453,371,69.459,0
17547,13748,518,459,10.1206,0
17552,13748,453,371,69.459,0
17554,13749,518,459,10.1206,0
17558,13749,453,371,69.459,0
17560,13750,518,459,10.1206,0
17564,13750,453,371,69.459,0
17566,13751,518,459,10.1206,0
17570,13751,453,371,69.459,0
17572,13752,518,459,10.1206,0
17576,13752,453,371,69.459,0
17580,13755,310,487,28.7358,1
17581,13756,310,487,28.7358,1
17584,13759,505,401,33.5958,1
17585,13759,326,377,10.8512,0
17586,13760,505,401,33.5958,1
17587,13760,326,377,10.8512,0
17588,13761,505,401,33.5958,1
17589,13761,326,377,10.8512,0
17590,13762,505,401,33.5958,1
17591,13762,326,377,10.8512,0
17600,13771,378,217,29.1261,1
17601,13771,358,276,14.1735,1
17603,13772,378,217,29.1261,1
17604,13772,358,276,14.1735,1
17606,13773,378,217,29.1261,1
17607,13773,358,276,14.1735,1
17609,13774,378,217,29.1261,1
17610,13774,358,276,14.1735,1
17612,13775,378,217,29.1261,1
17613,13775,358,276,14.1735,1
17615,13776,378,217,29.1261,1
17616,13776,358,276,14.1735,1
17620,13779,196,460,32.2342,1
17621,13780,196,460,32.2342,1
17622,13779,269,440,22.8942,1
17623,13780,269,440,22.8942,1
17624,13779,353,436,21.6011,1
17625,13780,353,436,21.6011,1
17626,13779,412,399,40.7481,0
17627,13780,412,399,40.7481,0
17628,13779,467,429,35.8858,1
17629,13780,467,429,35.8858,1
17630,13781,196,460,32.2342,1
17631,13781,269,440,22.8942,1
17632,13781,353,436,21.6011,1
17633,13781,412,399,40.7481,0
17634,13781,467,429,35.8858,1
17635,13782,196,460,32.2342,1
17636,13782,269,440,22.8942,1
17637,13782,353,436,21.6011,1
17638,13782,412,399,40.7481,0
17639,13782,467,429,35.8858,1
17640,13783,196,460,32.2342,1
17641,13783,269,440,22.8942,1
17642,13784,196,460,32.2342,1
17643,13783,353,436,21.6011,1
17644,13784,269,440,22.8942,1
17645,13783,412,399,40.7481,0
17646,13784,353,436,21.6011,1
17647,13783,467,429,35.8858,1
17648,13784,412,399,40.7481,0
17649,13784,467,429,35.8858,1
17650,13785,196,460,32.2342,1
17651,13785,269,440,22.8942,1
17652,13785,353,436,21.6011,1
17653,13785,412,399,40.7481,0
17654,13785,467,429,35.8858,1
17655,13786,196,460,32.2342,1
17656,13786,269,440,22.8942,1
17657,13786,353,436,21.6011,1
17658,13786,412,399,40.7481,0
17659,13786,467,429,35.8858,1
17660,13787,196,460,32.2342,1
17661,13787,269,440,22.8942,1
17662,13787,353,436,21.6011,1
17663,13788,196,460,32.2342,1
17664,13787,412,399,40.7481,0
17665,13788,269,440,22.8942,1
17666,13787,467,429,35.8858,1
17667,13788,353,436,21.6011,1
17668,13788,412,399,40.7481,0
17669,13788,467,429,35.8858,1
17670,13789,332,322,9.8725,1
17671,13790,332,322,9.8725,1
17672,13791,412,329,5.46301,0
17673,13792,412,329,5.46301,0
17682,13797,205,540,22.0892,1
17684,13798,205,540,22.0892,1
17686,13799,461,499,67.5016,1
17687,13800,372,444,21.1877,1
17689,13801,372,444,21.1877,1
17691,13802,327,469,13.9581,1
17693,13803,327,469,13.9581,1
17695,13804,330,400,20.8225,1
17697,13806,396,365,89.8443,1
17698,13807,313,542,32.0275,1
17700,13808,313,542,32.0275,1
17705,13812,377,407,20.2783,1
17707,13813,377,407,20.2783,1
17709,13814,132,429,5.94373,0
17710,13814,506,432,6.09098,0
17712,13815,132,429,5.94373,0
17713,13815,506,432,6.09098,0
17715,13816,132,429,5.94373,0
17716,13816,506,432,6.09098,0
17718,13817,460,476,26.2716,1
17721,13818,460,476,26.2716,1
17724,13819,460,476,26.2716,1
17727,13820,580,418,17.6971,0
17728,13820,240,486,9.99829,0
17731,13821,580,418,17.6971,0
17732,13821,240,486,9.99829,0
17735,13822,580,418,17.6971,0
17736,13822,240,486,9.99829,0
17739,13823,580,418,17.6971,0
17740,13823,240,486,9.99829,0
17743,13824,295,437,9.60443,1
17750,13829,344,548,26.745,0
17752,13830,344,548,26.745,0
17754,13831,420,416,11.0291,0
17755,13831,550,396,97.3615,1
17756,13831,145,447,24.0291,0
17757,13831,314,412,57.3108,0
17759,13832,420,416,11.0291,0
17760,13832,550,396,97.3615,1
17761,13832,145,447,24.0291,0
17762,13832,314,412,57.3108,0
17764,13833,420,416,11.0291,0
17765,13833,550,396,97.3615,1
17766,13833,145,447,24.0291,0
17767,13833,314,412,57.3108,0
17769,13834,420,416,11.0291,0
17770,13834,550,396,97.3615,1
17771,13834,145,447,24.0291,0
17772,13834,314,412,57.3108,0
17774,13835,420,416,11.0291,0
17775,13835,550,396,97.3615,1
17776,13835,145,447,24.0291,0
17777,13835,314,412,57.3108,0
17780,13837,351,357,1.98589,0
17783,13838,351,357,1.98589,0
17786,13839,351,357,1.98589,0
17797,13844,434,359,7.15896,1
17799,13845,434,359,7.15896,1
17803,13848,325,487,21.5795,0
17805,13849,325,487,21.5795,0
17833,13858,351,480,16.9487,0
17835,13859,351,480,16.9487,0
17846,13863,321,454,8.86887,0
17848,13864,321,454,8.86887,0
17850,13865,329,500,41.9071,1
17851,13866,328,440,14.803,1
17853,13868,290,318,3.04,0
17855,13869,290,318,3.04,0
17857,13870,342,478,21.6513,1
17859,13871,342,478,21.6513,1
17863,13874,499,465,7.75655,0
17864,13875,447,498,16.9068,0
17865,13876,480,390,13.7505,1
17866,13876,321,473,13.8767,1
17868,13876,159,402,24.7433,1
17869,13876,422,422,52.1717,0
17870,13877,480,390,13.7505,1
17871,13877,321,473,13.8767,1
17873,13877,159,402,24.7433,1
17874,13877,422,422,52.1717,0
17875,13878,480,390,13.7505,1
17876,13878,321,473,13.8767,1
17878,13878,159,402,24.7433,1
17879,13878,422,422,52.1717,0
17880,13879,480,390,13.7505,1
17881,13879,321,473,13.8767,1
17883,13879,159,402,24.7433,1
17884,13879,422,422,52.1717,0
17885,13880,480,390,13.7505,1
17886,13880,321,473,13.8767,1
17888,13880,159,402,24.7433,1
17889,13880,422,422,52.1717,0
17890,13881,173,425,3.71496,0
17893,13884,329,464,32.4384,1
17958,13893,489,439,18.758,1
17960,13894,489,439,18.758,1
17963,13896,316,457,6.41313,1
17964,13897,350,395,23.3497,0
17965,13898,291,539,47.4349,1
17966,13899,351,403,20.6639,0
17969,13900,351,403,20.6639,0
17972,13901,351,403,20.6639,0
17984,13905,253,509,23.6654,1
17986,13906,253,509,23.6654,1
17988,13907,108,426,32.6089,0
17989,13907,242,442,29.7934,0
17990,13908,108,426,32.6089,0
17991,13908,242,442,29.7934,0
17993,13910,291,453,11.925,0
17994,13910,133,467,9.52536,0
17995,13911,291,453,11.925,0
17996,13911,133,467,9.52536,0
17999,13914,399,483,8.48507,0
18001,13915,399,483,8.48507,0
18003,13916,532,309,11.6992,1
18004,13917,315,512,25.3262,1
18005,13918,285,380,37.6956,1
18007,13919,285,380,37.6956,1
18009,13920,316,394,4.42084,1
18012,13923,260,270,13.1594,1
18024,13930,233,592,93.8373,0
18025,13931,301,305,41.7685,1
18027,13932,301,305,41.7685,1
18030,13934,207,505,16.3012,1
18031,13935,323,522,91.1032,1
18034,13938,372,412,10.0304,0
18035,13939,313,427,7.00482,1
18036,13940,330,423,66.332,1
18039,13941,330,423,66.332,1
18042,13942,330,423,66.332,1
18045,13943,336,514,15.1957,0
18086,13956,302,386,2.15612,0
18087,13957,376,436,14.5931,1
18088,13958,259,426,3.96063,0
18118,13967,317,501,16.5368,0
18120,13968,317,501,16.5368,0
18123,13971,302,429,9.33625,0
18124,13972,362,420,19.9387,1
18125,13972,478,429,21.7053,1
18126,13972,247,419,30.0381,0
18127,13972,143,422,21.1767,1
18128,13973,362,420,19.9387,1
18129,13973,478,429,21.7053,1
18130,13973,247,419,30.0381,0
18131,13973,143,422,21.1767,1
18132,13974,362,420,19.9387,1
18133,13974,478,429,21.7053,1
18134,13974,247,419,30.0381,0
18135,13974,143,422,21.1767,1
18136,13975,362,420,19.9387,1
18137,13975,478,429,21.7053,1
18138,13975,247,419,30.0381,0
18139,13975,143,422,21.1767,1
18141,13977,310,492,19.7999,0
18142,13978,332,358,2.94052,0
18144,13980,105,436,12.1191,1
18151,13985,388,510,11.8245,0
18153,13986,388,510,11.8245,0
18156,13988,402,514,17.0489,1
18158,13989,402,514,17.0489,1
18164,13993,388,524,25.1335,0
18166,13994,388,524,25.1335,0
18167,13995,311,363,16.7766,1
18168,13996,250,410,21.408,0
18170,13998,594,353,32.8521,1
18172,13999,594,353,32.8521,1
18174,14000,421,425,22.9378,1
18175,14000,239,439,26.351,0
18176,14001,421,425,22.9378,1
18177,14001,239,439,26.351,0
18179,14003,428,474,46.8489,1
18181,14004,428,474,46.8489,1
18189,14008,337,434,6.24609,1
18191,14009,337,434,6.24609,1
18201,14014,288,565,53.9657,0
18203,14015,288,565,53.9657,0
18206,14018,334,363,47.3581,0
18208,14019,334,363,47.3581,0
18210,14020,439,418,71.7212,1
18212,14021,439,418,71.7212,1
18214,14022,309,430,4.35763,0
18215,14023,385,457,33.3904,1
18216,14023,441,466,38.6561,1
18217,14024,385,457,33.3904,1
18218,14024,441,466,38.6561,1
18219,14025,379,459,24.6925,1
18220,14026,364,566,41.3946,0
18221,14026,279,567,43.0478,0
18222,14027,364,566,41.3946,0
18223,14027,279,567,43.0478,0
18229,14031,475,529,56.9205,1
18231,14032,475,529,56.9205,1
18233,14033,530,392,8.05,0
18235,14034,530,392,8.05,0
18237,14035,296,553,24.4129,0
18239,14036,296,553,24.4129,0
18241,14037,317,419,10.216,0
18243,14039,332,537,47.7723,1
18248,14042,282,415,7.07695,1
18249,14043,420,394,5.01126,0
18255,14047,184,456,12.3121,0
18256,14047,451,446,5.46243,0
18257,14048,184,456,12.3121,0
18258,14048,451,446,5.46243,0
18259,14049,174,438,5.53618,0
18260,14050,333,460,14.9141,1
18263,14051,333,460,14.9141,1
18266,14052,333,460,14.9141,1
18331,14071,344,426,16.0848,1
18336,14074,259,464,26.6216,1
18345,14079,407,510,46.7366,0
18347,14080,407,510,46.7366,0
18349,14081,350,393,10.1336,1
18350,14082,327,368,1.89932,0
18351,14083,179,383,6.80026,1
18352,14083,392,358,11.9829,0
18353,14084,179,383,6.80026,1
18354,14084,392,358,11.9829,0
18355,14085,351,384,2.08706,0
18357,14086,441,533,13.4084,0
18359,14087,441,533,13.4084,0
18360,14088,160,440,11.2831,1
18361,14089,265,432,12.804,0
18363,14090,265,432,12.804,0
18365,14091,328,444,19.0804,1
18376,14096,362,486,9.36764,0
18386,14102,256,444,9.42866,0
18389,14103,256,444,9.42866,0
18392,14104,256,444,9.42866,0
18396,14106,433,383,3.48024,0
18397,14106,124,310,3.40924,0
18398,14107,433,383,3.48024,0
18399,14107,124,310,3.40924,0
18409,14111,335,525,21.3389,1
18411,14112,335,525,21.3389,1
18413,14113,425,542,38.5542,1
18425,14118,160,488,14.3392,0
18427,14119,160,488,14.3392,0
18431,14123,279,495,11.9766,0
18433,14125,403,405,8.69602,1
18434,14125,262,440,10.8945,0
18436,14126,403,405,8.69602,1
18437,14126,262,440,10.8945,0
18439,14127,403,405,8.69602,1
18440,14127,262,440,10.8945,0
18442,14128,348,473,15.7611,0
18443,14129,50,204,38.2075,0
18445,14129,229,251,60.4144,0
18446,14130,50,204,38.2075,0
18448,14130,229,251,60.4144,0
18449,14131,50,204,38.2075,0
18451,14131,229,251,60.4144,0
18452,14132,333,551,19.5906,0
18453,14133,531,141,29.3999,0
18456,14134,531,141,29.3999,0
18459,14135,531,141,29.3999,0
18462,14136,435,495,22.9275,0
18463,14137,384,478,12.3414,0
18465,14138,384,478,12.3414,0
18468,14140,331,423,6.95015,0
18470,14140,163,429,7.00039,0
18471,14141,331,423,6.95015,0
18473,14141,163,429,7.00039,0
18474,14142,331,423,6.95015,0
18476,14142,163,429,7.00039,0
18477,14143,328,397,24.6021,1
18479,14145,272,477,12.985,1
18481,14147,318,511,22.434,1
18482,14147,402,523,42.5514,1
18484,14148,318,511,22.434,1
18485,14148,402,523,42.5514,1
18487,14149,318,511,22.434,1
18488,14149,402,523,42.5514,1
18490,14150,326,529,42.4984,1
18491,14151,323,504,33.1982,1
18492,14152,348,420,2.96449,0
18494,14153,348,420,2.96449,0
18500,14156,328,450,32.005,1
18502,14157,328,450,32.005,1
18506,14160,323,516,53.2432,1
18507,14161,345,491,16.9719,0
18509,14162,345,491,16.9719,0
18511,14163,538,482,7.90657,0
18512,14164,328,452,31.4424,1
18515,14165,328,452,31.4424,1
18518,14166,328,452,31.4424,1
18538,14172,324,368,17.6643,1
18539,14173,314,237,31.1628,0
18540,14173,171,408,5.68964,0
18541,14173,460,290,17.5521,0
18542,14173,32,337,18.5147,0
18543,14173,482,121,69.8189,1
18544,14174,314,237,31.1628,0
18545,14174,171,408,5.68964,0
18546,14174,460,290,17.5521,0
18547,14174,32,337,18.5147,0
18548,14174,482,121,69.8189,1
18549,14175,314,237,31.1628,0
18550,14175,171,408,5.68964,0
18551,14175,460,290,17.5521,0
18552,14175,32,337,18.5147,0
18553,14175,482,121,69.8189,1
18554,14176,314,237,31.1628,0
18555,14176,171,408,5.68964,0
18556,14176,460,290,17.5521,0
18557,14176,32,337,18.5147,0
18558,14176,482,121,69.8189,1
18559,14177,314,237,31.1628,0
18560,14177,171,408,5.68964,0
18561,14177,460,290,17.5521,0
18562,14177,32,337,18.5147,0
18563,14177,482,121,69.8189,1
18564,14178,385,360,29.8347,1
18565,14179,349,419,15.0295,1
18568,14180,349,419,15.0295,1
18571,14181,349,419,15.0295,1
18574,14182,373,565,63.3467,0
18576,14183,373,565,63.3467,0
18578,14184,304,529,22.3252,1
18579,14185,288,486,10.4405,0
18581,14186,288,486,10.4405,0
18621,14199,433,441,5.65754,0
18622,14200,328,529,17.704,1
18624,14202,242,352,10.5668,1
18625,14202,449,376,14.0916,1
18626,14203,242,352,10.5668,1
18627,14203,449,376,14.0916,1
18628,14204,406,352,32.713,0
18629,14205,358,473,57.1189,1
18630,14205,308,494,56.8573,1
18631,14206,358,473,57.1189,1
18632,14206,308,494,56.8573,1
18637,14209,282,350,67.8708,1
18639,14210,325,523,54.2876,1
18641,14211,325,523,54.2876,1
18642,14212,285,440,10.4746,1
18644,14213,285,440,10.4746,1
18650,14216,337,396,14.1368,0
18652,14217,337,396,14.1368,0
18654,14218,317,354,22.6475,0
18655,14218,199,348,32.8941,0
18656,14219,317,354,22.6475,0
18657,14219,199,348,32.8941,0
18658,14220,314,342,15.4304,1
18659,14221,433,375,13.3164,1
18660,14222,313,396,19.8874,1
18661,14223,325,532,40.0822,1
18663,14224,325,532,40.0822,1
18666,14225,196,493,70.2212,0
18668,14226,196,493,70.2212,0
18673,14229,317,559,32.831,0
18677,14233,375,435,29.0414,1
18678,14234,312,462,24.9422,1
18679,14235,323,483,22.6123,1
18680,14236,132,356,8.81732,1
18685,14239,202,289,95.308,1
18686,14239,179,296,83.9003,1
18687,14240,202,289,95.308,1
18688,14240,179,296,83.9003,1
18689,14241,396,449,16.8373,1
18691,14242,396,449,16.8373,1
18693,14243,386,456,22.9996,1
18694,14243,243,473,22.5216,1
18695,14244,386,456,22.9996,1
18696,14244,243,473,22.5216,1
18698,14245,300,500,25.8455,1
18699,14245,362,526,38.8173,1
18701,14246,300,500,25.8455,1
18702,14246,362,526,38.8173,1
18704,14247,300,500,25.8455,1
18705,14247,362,526,38.8173,1
18706,14248,385,428,8.02178,1
18708,14249,385,428,8.02178,1
18710,14250,353,111,51.2769,0
18712,14251,353,111,51.2769,0
18719,14255,417,470,14.0708,0
18722,14256,417,470,14.0708,0
18725,14257,417,470,14.0708,0
18728,14258,300,491,36.6697,1
18729,14258,367,507,42.3097,0
18730,14259,300,491,36.6697,1
18731,14259,367,507,42.3097,0
18738,14264,317,499,26.9332,1
18740,14265,349,452,21.9237,1
18742,14266,349,452,21.9237,1
18747,14269,313,561,51.4379,1
18750,14272,304,399,12.5367,0
18752,14274,347,540,48.2905,1
18753,14275,278,454,5.38954,0
18755,14277,318,521,13.0666,0
18757,14278,318,521,13.0666,0
18763,14281,489,488,7.47527,0
18765,14282,316,528,11.3645,0
18768,14283,316,528,11.3645,0
18771,14284,316,528,11.3645,0
18774,14285,391,475,17.5628,1
18775,14285,225,478,8.66438,1
18777,14286,391,475,17.5628,1
18778,14286,225,478,8.66438,1
18780,14287,391,475,17.5628,1
18781,14287,225,478,8.66438,1
18783,14289,359,514,28.9634,0
18784,14290,319,408,34.3509,0
18785,14290,417,444,9.49401,0
18786,14291,319,408,34.3509,0
18787,14291,417,444,9.49401,0
18792,14294,337,405,13.2539,1
18794,14296,273,522,28.0068,1
18797,14298,287,430,26.1709,1
18799,14299,287,430,26.1709,1
18800,14300,446,415,7.60293,0
18802,14301,446,415,7.60293,0
18805,14303,199,537,29.3116,1
18806,14304,331,486,12.8325,1
18810,14307,125,508,22.7758,0
18812,14308,125,508,22.7758,0
18813,14309,319,528,62.0418,1
18815,14310,319,528,62.0418,1
18817,14311,332,437,55.6068,1
18819,14313,258,452,24.6569,1
18820,14314,330,510,33.9861,0
18822,14315,330,510,33.9861,0
18824,14316,342,333,1.4772,0
18825,14317,361,469,99.4175,1
18826,14318,176,456,24.3158,1
18827,14318,428,451,20.9076,1
18828,14318,334,452,24.5903,1
18829,14318,256,463,28.188,1
18830,14319,176,456,24.3158,1
18831,14319,428,451,20.9076,1
18832,14319,334,452,24.5903,1
18833,14319,256,463,28.188,1
18834,14320,176,456,24.3158,1
18835,14320,428,451,20.9076,1
18836,14320,334,452,24.5903,1
18837,14320,256,463,28.188,1
18838,14321,176,456,24.3158,1
18839,14321,428,451,20.9076,1
18840,14321,334,452,24.5903,1
18841,14321,256,463,28.188,1
18847,14325,338,512,21.7849,0
18849,14326,338,512,21.7849,0
18856,14330,374,425,13.4724,1
18857,14330,266,466,16.4386,1
18858,14331,374,425,13.4724,1
18859,14331,266,466,16.4386,1
18862,14334,350,347,70.8651,1
18864,14335,350,347,70.8651,1
18866,14336,291,462,11.0285,1
18868,14337,291,462,11.0285,1
18870,14338,377,401,28.3441,1
18872,14339,377,401,28.3441,1
18875,14341,319,535,79.4877,1
18876,14342,321,385,16.3389,1
18877,14343,308,423,32.2596,0
18878,14344,246,424,7.05769,0
18881,14345,246,424,7.05769,0
18884,14346,246,424,7.05769,0
18896,14350,326,449,58.1405,1
18898,14351,326,449,58.1405,1
18900,14352,329,468,24.2367,1
18902,14354,318,346,47.6168,1
18903,14355,416,431,12.7669,0
18905,14356,416,431,12.7669,0
18911,14359,431,451,23.0995,0
18916,14362,310,510,83.4726,1
18919,14363,310,510,83.4726,1
18922,14364,310,510,83.4726,1
18926,14366,502,406,8.01832,0
18927,14367,282,516,31.3126,1
18928,14367,360,530,34.3451,1
18930,14368,282,516,31.3126,1
18931,14368,360,530,34.3451,1
18933,14369,282,516,31.3126,1
18934,14369,360,530,34.3451,1
18939,14373,473,491,9.44345,1
18941,14374,473,491,9.44345,1
18945,14377,302,379,10.8308,1
18946,14378,319,522,38.152,1
18947,14379,325,478,40.9068,0
18949,14380,325,478,40.9068,0
18951,14381,303,462,30.4671,1
18952,14382,473,305,36.1008,1
18953,14382,270,469,45.2047,1
18954,14382,219,447,89.7262,1
18955,14383,473,305,36.1008,1
18956,14383,270,469,45.2047,1
18957,14383,219,447,89.7262,1
18958,14384,473,305,36.1008,1
18959,14384,270,469,45.2047,1
18960,14384,219,447,89.7262,1
18979,14391,322,464,20.2602,1
18980,14392,252,342,2.04897,0
18981,14393,341,506,17.5282,1
18982,14394,433,503,39.4529,1
18984,14395,433,503,39.4529,1
18986,14396,296,323,1.53854,0
18987,14397,312,400,8.09758,1
18992,14400,308,476,25.87,1
18996,14401,308,476,25.87,1
19000,14402,308,476,25.87,1
19004,14403,308,476,25.87,1
19008,14404,473,380,9.87036,1
19010,14406,342,353,1.43144,0
19012,14408,272,434,11.0598,1
19014,14410,335,410,9.13613,1
19015,14411,322,445,28.5854,0
19021,14415,347,523,16.5388,0
19023,14416,347,523,16.5388,0
19025,14417,288,520,60.0059,1
19026,14418,340,466,45.4052,1
19028,14419,340,466,45.4052,1
19034,14422,387,526,39.2224,1
19035,14423,525,461,6.9146,0
19036,14424,325,442,14.2718,0
19038,14425,325,442,14.2718,0
19040,14426,314,414,16.5381,0
19141,14437,276,411,12.8313,1
19144,14438,276,411,12.8313,1
19147,14439,276,411,12.8313,1
19154,14442,606,269,27.7131,0
19155,14442,274,438,2.79063,1
19156,14443,606,269,27.7131,0
19157,14443,274,438,2.79063,1
19159,14445,293,357,1.94266,0
19161,14446,293,357,1.94266,0
19172,14453,348,522,66.6884,0
19174,14454,348,522,66.6884,0
19178,14458,450,427,10.56,1
19179,14458,224,391,18.5878,1
19180,14458,327,350,93.9881,0
19181,14458,315,500,30.069,0
19182,14459,450,427,10.56,1
19183,14459,224,391,18.5878,1
19184,14459,327,350,93.9881,0
19185,14459,315,500,30.069,0
19186,14460,450,427,10.56,1
19187,14460,224,391,18.5878,1
19188,14460,327,350,93.9881,0
19189,14460,315,500,30.069,0
19190,14461,450,427,10.56,1
19191,14461,224,391,18.5878,1
19192,14461,327,350,93.9881,0
19193,14461,315,500,30.069,0
19195,14463,325,467,19.1456,1
19196,14464,425,406,3.21023,0
19197,14464,570,268,61.4369,0
19199,14465,425,406,3.21023,0
19200,14465,570,268,61.4369,0
19202,14466,425,406,3.21023,0
19203,14466,570,268,61.4369,0
19206,14467,459,406,17.6384,1
19208,14468,459,406,17.6384,1
19210,14470,382,484,72.3292,0
19214,14471,382,484,72.3292,0
19218,14472,382,484,72.3292,0
19222,14473,382,484,72.3292,0
19226,14474,73,441,37.4235,1
19227,14474,358,455,38.4168,1
19228,14474,425,448,42.729,1
19229,14474,273,442,27.2304,1
19230,14475,73,441,37.4235,1
19231,14475,358,455,38.4168,1
19232,14475,425,448,42.729,1
19233,14475,273,442,27.2304,1
19234,14476,73,441,37.4235,1
19235,14476,358,455,38.4168,1
19236,14476,425,448,42.729,1
19237,14476,273,442,27.2304,1
19238,14477,73,441,37.4235,1
19239,14477,358,455,38.4168,1
19240,14477,425,448,42.729,1
19241,14477,273,442,27.2304,1
19243,14478,186,503,21.214,0
19245,14479,186,503,21.214,0
19272,14486,507,418,9.55558,1
19273,14486,250,386,8.09838,1
19274,14486,382,407,16.4783,0
19275,14486,125,269,51.3605,1
19276,14486,611,368,48.82,0
19277,14487,507,418,9.55558,1
19278,14487,250,386,8.09838,1
19279,14487,382,407,16.4783,0
19280,14487,125,269,51.3605,1
19281,14487,611,368,48.82,0
19282,14488,507,418,9.55558,1
19283,14488,250,386,8.09838,1
19284,14488,382,407,16.4783,0
19285,14488,125,269,51.3605,1
19286,14488,611,368,48.82,0
19287,14489,507,418,9.55558,1
19288,14489,250,386,8.09838,1
19289,14489,382,407,16.4783,0
19290,14489,125,269,51.3605,1
19291,14489,611,368,48.82,0
19292,14490,507,418,9.55558,1
19293,14490,250,386,8.09838,1
19294,14490,382,407,16.4783,0
19295,14490,125,269,51.3605,1
19296,14490,611,368,48.82,0
19297,14491,489,491,24.8831,1
19299,14492,489,491,24.8831,1
19302,14494,399,436,30.5307,1
19304,14496,245,556,32.8758,0
19306,14497,245,556,32.8758,0
19317,14501,413,350,16.7546,0
19318,14501,314,446,8.59908,1
19319,14502,413,350,16.7546,0
19320,14502,314,446,8.59908,1
19322,14504,309,509,9.68322,0
19324,14505,309,509,9.68322,0
19330,14508,318,525,24.1795,1
19332,14509,318,525,24.1795,1
19334,14510,292,433,15.1704,1
19335,14510,413,431,16.207,1
19337,14511,292,433,15.1704,1
19338,14511,413,431,16.207,1
19340,14512,292,433,15.1704,1
19341,14512,413,431,16.207,1
19347,14515,318,317,20.0049,0
19353,14519,324,506,30.3048,1
19355,14520,324,506,30.3048,1
19357,14521,322,492,55.3289,1
19358,14522,345,445,5.42079,0
19360,14523,343,409,29.3662,1
19362,14524,343,409,29.3662,1
19363,14525,342,536,19.6385,1
19365,14527,313,485,33.1284,1
19370,14530,536,533,34.6854,1
19371,14531,175,435,29.5997,1
19373,14532,175,435,29.5997,1
19375,14533,439,411,15.4107,1
19376,14533,303,407,17.1016,1
19377,14534,439,411,15.4107,1
19378,14534,303,407,17.1016,1
19379,14535,344,544,44.3963,0
19381,14536,344,544,44.3963,0
19384,14538,299,291,1.50795,1
19391,14543,324,542,38.0952,1
19393,14544,324,542,38.0952,1
19397,14547,242,371,13.6039,1
19398,14547,434,327,9.28882,0
19399,14548,242,371,13.6039,1
19400,14548,434,327,9.28882,0
19401,14549,345,499,11.4449,0
19403,14550,345,499,11.4449,0
19414,14554,496,441,7.85517,0
19416,14556,291,546,25.8276,1
19434,14564,364,442,23.0501,1
19435,14564,280,459,33.0803,1
19436,14565,364,442,23.0501,1
19437,14565,280,459,33.0803,1
19438,14566,319,431,30.9272,0
19440,14568,365,405,12.5768,1
19441,14569,417,367,71.1235,1
19442,14569,539,361,65.3165,1
19443,14569,42,365,69.6243,0
19445,14569,257,363,81.0287,0
19446,14570,417,367,71.1235,1
19447,14570,539,361,65.3165,1
19448,14570,42,365,69.6243,0
19450,14570,257,363,81.0287,0
19451,14571,417,367,71.1235,1
19452,14571,539,361,65.3165,1
19453,14571,42,365,69.6243,0
19455,14571,257,363,81.0287,0
19456,14572,417,367,71.1235,1
19457,14572,539,361,65.3165,1
19458,14572,42,365,69.6243,0
19460,14572,257,363,81.0287,0
19461,14573,417,367,71.1235,1
19462,14573,539,361,65.3165,1
19463,14573,42,365,69.6243,0
19465,14573,257,363,81.0287,0
19467,14575,292,354,2.37279,0
19469,14576,292,354,2.37279,0
19471,14577,341,307,7.55761,1
19473,14578,341,307,7.55761,1
19475,14579,342,258,4.36269,1
19476,14580,333,241,4.59868,1
19477,14581,206,227,3.5372,0
